,unsmoothed,unsmoothed,unsmoothed,smoothed,smoothed,smoothed
,pixel_count,ratio,% total,pixel_count,ratio,% total
cluster,,,,,,
0,466911,0.29824087381431447,29.824087381431447,430868,0.2752182938903261,27.52182938903261
1,170995,0.10922359554150299,10.9223595541503,235208,0.1502398518092683,15.02398518092683
2,39292,0.025097888920826546,2.5097888920826548,102385,0.06539874165628692,6.539874165628692
3,317102,0.20254990259014405,20.254990259014406,627089,0.40055507649069017,40.055507649069014
4,571250,0.364887739133212,36.4887739133212,170000,0.1085880361534285,10.85880361534285
