,unsmoothed,unsmoothed,unsmoothed,smoothed,smoothed,smoothed
,pixel_count,ratio,% total,pixel_count,ratio,% total
cluster,,,,,,
0,1035828,0.6616384018396091,66.16384018396091,534331,0.3413056114464565,34.13056114464565
1,42475,0.027131040209511036,2.7131040209511035,306030,0.19547762767078664,19.547762767078662
2,487247,0.3112305579508799,31.12305579508799,725189,0.4632167608827569,46.32167608827569
