,unsmoothed,unsmoothed,unsmoothed,smoothed,smoothed,smoothed
,pixel_count,ratio,% total,pixel_count,ratio,% total
cluster,,,,,,
0,456423,0.2915416307368018,29.154163073680177,84947,0.05426016415956054,5.426016415956054
1,172415,0.11013062501996104,11.013062501996105,95932,0.06127686755453355,6.127686755453355
2,562272,0.35915301331800326,35.91530133180033,462798,0.29561368209255534,29.561368209255534
3,39177,0.02502443230813452,2.502443230813452,175941,0.11238286864041391,11.238286864041392
4,225259,0.14388489668167737,14.388489668167736,221468,0.14146338347545592,14.146338347545592
5,110004,0.07026540193542205,7.026540193542205,524464,0.3350030340774808,33.50030340774808
