,unsmoothed,unsmoothed,unsmoothed,smoothed,smoothed,smoothed
,pixel_count,ratio,% total,pixel_count,ratio,% total
cluster,,,,,,
0,325798,0.20810450001596884,20.810450001596884,473388,0.3023780779917601,30.237807799176007
1,341330,0.21802561400146914,21.802561400146914,656061,0.41906103286384977,41.906103286384976
2,42798,0.02733735747820255,2.733735747820255,250120,0.15976493883938553,15.976493883938552
3,855624,0.5465325285043595,54.653252850435955,185981,0.11879595030500463,11.879595030500463
