,unsmoothed,unsmoothed,unsmoothed,smoothed,smoothed,smoothed
,pixel_count,ratio,% total,pixel_count,ratio,% total
cluster,,,,,,
0,517799,0.3307457443071125,33.07457443071125,174761,0.11162913991887835,11.162913991887836
1,104942,0.06703203347066526,6.703203347066526,537296,0.34319951454760306,34.31995145476031
2,148598,0.09491744115486571,9.49174411548657,162903,0.10405480502059979,10.405480502059978
3,30976,0.01978601769346236,1.9786017693462359,353977,0.22610392513813038,22.61039251381304
4,243820,0.15574079397017024,15.574079397017023,274763,0.17550573280955575,17.550573280955575
5,519415,0.33177796940372395,33.177796940372396,61850,0.039506882565232666,3.9506882565232666
