,unsmoothed,unsmoothed,unsmoothed,smoothed,smoothed,smoothed
,pixel_count,ratio,% total,pixel_count,ratio,% total
cluster,,,,,,
0,54111,0.034563571907636294,3.4563571907636295,888293,0.5673999552872793,56.739995528727924
1,25227,0.016113825812014947,1.6113825812014946,111381,0.07114496502826483,7.114496502826483
2,1008395,0.6441154865702149,64.41154865702148,20337,0.012990322889719267,1.2990322889719268
3,477817,0.3052071157101338,30.520711571013383,545539,0.34846475679473665,34.84647567947366
