,unsmoothed,unsmoothed,unsmoothed,smoothed,smoothed,smoothed
,pixel_count,ratio,% total,pixel_count,ratio,% total
cluster,,,,,,
0,413628,0.26420618951806074,26.420618951806073,264967,0.16924850691450288,16.92485069145029
1,36085,0.02304940755644981,2.304940755644981,185197,0.11829516783239118,11.829516783239118
2,1115837,0.7127444029254895,71.27444029254895,1115386,0.712456325253106,71.2456325253106
