,unsmoothed,unsmoothed,unsmoothed,smoothed,smoothed,smoothed
,pixel_count,ratio,% total,pixel_count,ratio,% total
cluster,,,,,,
0,29409,0.018785091501389288,1.8785091501389288,79038,0.05048577177349813,5.048577177349813
1,1102140,0.7039954009772923,70.39954009772923,349669,0.2233521765513717,22.33521765513717
2,122327,0.07813675705023794,7.813675705023794,927662,0.5925470282009517,59.254702820095176
3,311674,0.19908275047108046,19.908275047108045,209181,0.1336150234741784,13.361502347417838
