,unsmoothed,unsmoothed,unsmoothed,smoothed,smoothed,smoothed
,pixel_count,ratio,% total,pixel_count,ratio,% total
cluster,,,,,,
0,59241,0.03784037558685446,3.7840375586854464,590559,0.37722142378077994,37.722142378078
1,27150,0.017342148126856378,1.7342148126856378,171176,0.1093392098623487,10.93392098623487
2,324540,0.20730094854843345,20.730094854843344,138041,0.0881741241097378,8.81741241097378
3,125167,0.07995081600715404,7.9950816007154035,33564,0.02143911085560985,2.143911085560985
4,521772,0.3332835105873335,33.328351058733354,225262,0.1438868129411389,14.388681294113889
5,507680,0.32428220114336814,32.42822011433682,406948,0.25993931845038487,25.99393184503849
