,unsmoothed,unsmoothed,unsmoothed,smoothed,smoothed,smoothed
,pixel_count,ratio,% total,pixel_count,ratio,% total
cluster,,,,,,
0,48930,0.0312541918175721,3.12541918175721,19790,0.012640924914566766,1.2640924914566765
1,735198,0.46961004119957844,46.96100411995784,106474,0.06801060330235381,6.801060330235381
2,386250,0.246718405672128,24.6718405672128,185715,0.1186260419660822,11.86260419660822
3,24851,0.015873654626169718,1.5873654626169718,496749,0.3172999904187027,31.729999041870272
4,370321,0.23654370668455177,23.654370668455176,756822,0.48342243939829455,48.34224393982945
