,unsmoothed,unsmoothed,unsmoothed,smoothed,smoothed,smoothed
,pixel_count,ratio,% total,pixel_count,ratio,% total
cluster,,,,,,
0,279537,0.17855514036600556,17.855514036600557,79038,0.05048577177349813,5.048577177349813
1,961493,0.6141566861486378,61.41566861486378,349669,0.2233521765513717,22.33521765513717
2,289272,0.18477340231867395,18.477340231867394,927662,0.5925470282009517,59.254702820095176
3,35248,0.022514771166682636,2.2514771166682634,209181,0.1336150234741784,13.361502347417838
