,unsmoothed,unsmoothed,unsmoothed,smoothed,smoothed,smoothed
,pixel_count,ratio,% total,pixel_count,ratio,% total
cluster,,,,,,
0,793603,0.5069164191498196,50.69164191498196,99920,0.06382421513206221,6.382421513206221
1,31613,0.020192903452460796,2.0192903452460795,619362,0.3956194308709399,39.561943087093994
2,171423,0.10949698189134809,10.949698189134809,427519,0.27307910957810355,27.307910957810357
3,312859,0.19983967295838523,19.98396729583852,171789,0.10973076554565488,10.973076554565488
4,256052,0.16355402254798634,16.355402254798634,246960,0.15774647887323945,15.774647887323944
