,unsmoothed,unsmoothed,unsmoothed,smoothed,smoothed,smoothed
,pixel_count,ratio,% total,pixel_count,ratio,% total
cluster,,,,,,
0,31707,0.020252946248922103,2.02529462489221,923487,0.5898802337836543,58.988023378365426
1,405611,0.25908530548369585,25.908530548369583,561515,0.3586694771805436,35.86694771805436
2,1128232,0.720661748267382,72.0661748267382,80548,0.051450289035802114,5.1450289035802115
