,unsmoothed,unsmoothed,unsmoothed,smoothed,smoothed,smoothed
,pixel_count,ratio,% total,pixel_count,ratio,% total
cluster,,,,,,
0,34087,0.021773178755070104,2.1773178755070104,682779,0.4361272396282457,43.61272396282457
1,328975,0.21013381878573026,21.013381878573025,437337,0.279350388042541,27.9350388042541
2,331189,0.2115480182683402,21.154801826834017,319997,0.20439909297052153,20.439909297052154
3,871299,0.5565449841908594,55.65449841908594,125437,0.08012327935869183,8.012327935869184
