,unsmoothed,unsmoothed,unsmoothed,smoothed,smoothed,smoothed
,pixel_count,ratio,% total,pixel_count,ratio,% total
cluster,,,,,,
0,53138,0.03394206508894638,3.394206508894638,681691,0.4354322761968637,43.54322761968637
1,1003018,0.6406809108619974,64.06809108619974,203723,0.1301287087604995,13.01287087604995
2,26012,0.01661524703778225,1.661524703778225,280479,0.17915684583692632,17.91568458369263
3,222009,0.14180894893168536,14.180894893168535,324844,0.20749512950720195,20.749512950720195
4,261373,0.16695282807958864,16.695282807958865,74813,0.04778703969850851,4.778703969850851
